{"youaugment":{"username":"ArnoldRimmer","firstName":"","lastName":"","email":"arnold.rimmer.ssc@gmail.com","enabled":"true","app":[{"appid":"1","title":"Board4U","description":"To jsou virtualni billboardy ","category":"everyday","version":"1.0","company":"Jupiter Mining AR dev labs","email":"arnold.rimmer.ssc@gmail.com","phone":null,"website":null,"enabled":"","created":"","createDate":"","updateDate":"","icon":{"icon36x36":"/ArnoldRimmer_app1/icon.png","icon48x48":"","icon72x72":"","icon96x96":"","icon120x120":"","icon152x152":"","icon167x167":"","icon180x180":""},"splash":{"splash426x320":"","splash470x320":"","splash640x480":"","splash960x720":"","splash640x1136":"","splash750x1334":"","splash1080x1920":"","splash1536x2048":""},"target":[{"id":"","targetname":"","file":"","location":"","height":"","width":"","model":[{"id":"","name":"","file":"","location":"","rotation":{"x":"","y":"","z":"","w":""},"scaling":{"x":"","y":"","z":""},"position":{"x":"","y":"","z":""},"clickable":"","hyperlink":""}],"video":[{"id":"","name":"","file":"","location":"","rotation":{"x":"","y":"","z":"","w":""},"scaling":{"x":"","y":"","z":""},"position":{"x":"","y":"","z":""},"autoplay":""}],"image":[{"id":"1","name":"image01","file":"1523227687596.jpg","location":"","rotation":{"x":-4.329780281177467E-17,"y":-0.70710678118654757,"z":-0.70710678118654757,"w":4.329780281177467E-17},"scaling":{"x":-0.5,"y":0.3,"z":0.1},"position":{"x":0.1,"y":0.1,"z":0.1},"clickable":"","hyperlink":null}],"text":[{"id":"","name":"","content":"","fontSize":"","fontColor":"","backColor":"","backColor2":"","rotation":{"x":"","y":"","z":"","w":""},"scaling":{"x":"","y":"","z":""},"position":{"x":"","y":"","z":""},"clickable":"","hyperlink":""}]},{"id":"2","targetname":"","file":"marker.jpg","location":"https://creator.youaugment.com/Users_Data/ArnoldRimmer/ArnoldRimmer_app1/","height":"348","width":"620","model":[{"id":"","name":"","file":"","location":"","rotation":{"x":"","y":"","z":"","w":""},"scaling":{"x":"","y":"","z":""},"position":{"x":"","y":"","z":""},"clickable":"","hyperlink":""}],"video":[{"id":"","name":"","file":"","location":"","rotation":{"x":"","y":"","z":"","w":""},"scaling":{"x":"","y":"","z":""},"position":{"x":"","y":"","z":""},"autoplay":""}],"image":[{"id":"","name":"","file":"","location":"","rotation":{"x":"","y":"","z":"","w":""},"scaling":{"x":"","y":"","z":""},"position":{"x":"","y":"","z":""},"clickable":"","hyperlink":""}],"text":[{"id":"","name":"","content":"","fontSize":"","fontColor":"","backColor":"","backColor2":"","rotation":{"x":"","y":"","z":""},"scaling":{"x":"","y":"","z":"","w":""},"position":{"x":"","y":"","z":""},"clickable":"","hyperlink":""}]},null,null,{"id":"5","targetname":"anonboy","file":"IMG_20180727_173710.jpg","location":"https://creator.youaugment.com/Users_Data/ArnoldRimmer/ArnoldRimmer_app1/","height":"396","width":"620","model":[{"id":"","name":"","file":"","location":"","rotation":{"x":"","y":"","z":"","w":""},"scaling":{"x":"","y":"","z":""},"position":{"x":"","y":"","z":""},"clickable":"","hyperlink":""}],"video":[{"id":"","name":"","file":"","location":"","rotation":{"x":"","y":"","z":"","w":""},"scaling":{"x":"","y":"","z":""},"position":{"x":"","y":"","z":""},"autoplay":""}],"image":[{"id":"1","name":"image41","file":"officer rimmer.jpg","location":"","rotation":{"x":"0.002936097937931799","y":"-0.6946950610408238","z":"-0.7192959208231238","w":"0.0018787713002389919"},"scaling":{"x":"-0.5","y":"0.3","z":"0.1"},"position":{"x":"-0.01971993728556897","y":"0.10000022053742719","z":"0.10000023523992459"},"clickable":"","hyperlink":""}],"text":[{"id":"","name":"","content":"","fontSize":"","fontColor":"","backColor":"","backColor2":"","rotation":{"x":"","y":"","z":""},"scaling":{"x":"","y":"","z":"","w":""},"position":{"x":"","y":"","z":""},"clickable":"","hyperlink":""}]},{"id":"6","targetname":"saymyname","file":"IMG_20180727_173757.jpg","location":"https://creator.youaugment.com/Users_Data/ArnoldRimmer/ArnoldRimmer_app1/","height":"424","width":"620","model":[{"id":"","name":"","file":"","location":"","rotation":{"x":"","y":"","z":"","w":""},"scaling":{"x":"","y":"","z":""},"position":{"x":"","y":"","z":""},"clickable":"","hyperlink":""}],"video":[{"id":"","name":"","file":"","location":"","rotation":{"x":"","y":"","z":"","w":""},"scaling":{"x":"","y":"","z":""},"position":{"x":"","y":"","z":""},"autoplay":""}],"image":[null,{"id":"1","name":"image51","file":"creator.jpg","location":"https://creator.youaugment.com/Users_Data/ArnoldRimmer/ArnoldRimmer_app1/","rotation":{"x":"-4.329780281177467e-17","y":"-0.7071067811865476","z":"-0.7071067811865476","w":"4.329780281177467e-17"},"scaling":{"x":"-0.5","y":"0.7637892051794816","z":"0.1"},"position":{"x":"0.1","y":"0.1","z":"0.1"},"clickable":"","hyperlink":null}],"text":[{"id":"","name":"","content":"","fontSize":"","fontColor":"","backColor":"","backColor2":"","rotation":{"x":"","y":"","z":""},"scaling":{"x":"","y":"","z":"","w":""},"position":{"x":"","y":"","z":""},"clickable":"","hyperlink":""}]},{"id":"7","targetname":"hastagart","file":"IMG_20180727_173855.jpg","location":"https://creator.youaugment.com/Users_Data/ArnoldRimmer/ArnoldRimmer_app1/","height":"925","width":"620","model":[{"id":"","name":"","file":"","location":"","rotation":{"x":"","y":"","z":"","w":""},"scaling":{"x":"","y":"","z":""},"position":{"x":"","y":"","z":""},"clickable":"","hyperlink":""}],"video":[{"id":"","name":"","file":"","location":"","rotation":{"x":"","y":"","z":"","w":""},"scaling":{"x":"","y":"","z":""},"position":{"x":"","y":"","z":""},"autoplay":""}],"image":[{"id":"1","name":"image61","file":"creator.jpg","location":"","rotation":{"x":"-4.329780281177467e-17","y":"-0.7071067811865476","z":"-0.7071067811865476","w":"4.329780281177467e-17"},"scaling":{"x":"-0.5","y":"0.77197787661064","z":"0.1"},"position":{"x":"0.1","y":"0.1","z":"0.1"},"clickable":"","hyperlink":null}],"text":[{"id":"","name":"","content":"","fontSize":"","fontColor":"","backColor":"","backColor2":"","rotation":{"x":"","y":"","z":""},"scaling":{"x":"","y":"","z":"","w":""},"position":{"x":"","y":"","z":""},"clickable":"","hyperlink":""}]}],"appmode":"AR","webLink":"https://youaugment.github.io/ArnoldRimmer_app1/youaugment/www/","downloadCode":"https://github.com/youaugment/ArnoldRimmer_app1/archive/gh-pages.zip"}]}}
